Workbook

Sheet Summary
A1: Meridian Health Analytics — Cybersecurity Gap Assessment & Risk Register
A2: Framework: NIST Cybersecurity Framework (CSF) 2.0 · cross-mapped to the HIPAA Security Rule and NIST SP 800-53
A3: FICTIONAL organization — prepared as a portfolio GRC work sample. All data is illustrative.
A5: Maturity by CSF Function (0 = none, 4 = optimized)
A6: Function | B6: Avg Current | C6: Avg Target | D6: Avg Gap | E6: Posture
A7: GOVERN | B7: =ROUND(AVERAGEIF('CSF Gap Assessment'!$A$2:$A$23,A7,'CSF Gap Assessment'!$D$2:$D$23),1) -> 0.8 | C7: =ROUND(AVERAGEIF('CSF Gap Assessment'!$A$2:$A$23,A7,'CSF Gap Assessment'!$E$2:$E$23),1) -> 2.8 | D7: =ROUND(C7-B7,1) -> 2 | E7: =IF(B7<1.5,"Initial",IF(B7<2.5,"Developing",IF(B7<3.5,"Defined","Managed"))) -> Initial
A8: IDENTIFY | B8: =ROUND(AVERAGEIF('CSF Gap Assessment'!$A$2:$A$23,A8,'CSF Gap Assessment'!$D$2:$D$23),1) -> 1.3 | C8: =ROUND(AVERAGEIF('CSF Gap Assessment'!$A$2:$A$23,A8,'CSF Gap Assessment'!$E$2:$E$23),1) -> 3.3 | D8: =ROUND(C8-B8,1) -> 2 | E8: =IF(B8<1.5,"Initial",IF(B8<2.5,"Developing",IF(B8<3.5,"Defined","Managed"))) -> Initial
A9: PROTECT | B9: =ROUND(AVERAGEIF('CSF Gap Assessment'!$A$2:$A$23,A9,'CSF Gap Assessment'!$D$2:$D$23),1) -> 1.8 | C9: =ROUND(AVERAGEIF('CSF Gap Assessment'!$A$2:$A$23,A9,'CSF Gap Assessment'!$E$2:$E$23),1) -> 3.4 | D9: =ROUND(C9-B9,1) -> 1.6 | E9: =IF(B9<1.5,"Initial",IF(B9<2.5,"Developing",IF(B9<3.5,"Defined","Managed"))) -> Developing
A10: DETECT | B10: =ROUND(AVERAGEIF('CSF Gap Assessment'!$A$2:$A$23,A10,'CSF Gap Assessment'!$D$2:$D$23),1) -> 1 | C10: =ROUND(AVERAGEIF('CSF Gap Assessment'!$A$2:$A$23,A10,'CSF Gap Assessment'!$E$2:$E$23),1) -> 3 | D10: =ROUND(C10-B10,1) -> 2 | E10: =IF(B10<1.5,"Initial",IF(B10<2.5,"Developing",IF(B10<3.5,"Defined","Managed"))) -> Initial
A11: RESPOND | B11: =ROUND(AVERAGEIF('CSF Gap Assessment'!$A$2:$A$23,A11,'CSF Gap Assessment'!$D$2:$D$23),1) -> 1.3 | C11: =ROUND(AVERAGEIF('CSF Gap Assessment'!$A$2:$A$23,A11,'CSF Gap Assessment'!$E$2:$E$23),1) -> 2.8 | D11: =ROUND(C11-B11,1) -> 1.5 | E11: =IF(B11<1.5,"Initial",IF(B11<2.5,"Developing",IF(B11<3.5,"Defined","Managed"))) -> Initial
A12: RECOVER | B12: =ROUND(AVERAGEIF('CSF Gap Assessment'!$A$2:$A$23,A12,'CSF Gap Assessment'!$D$2:$D$23),1) -> 1 | C12: =ROUND(AVERAGEIF('CSF Gap Assessment'!$A$2:$A$23,A12,'CSF Gap Assessment'!$E$2:$E$23),1) -> 2.5 | D12: =ROUND(C12-B12,1) -> 1.5 | E12: =IF(B12<1.5,"Initial",IF(B12<2.5,"Developing",IF(B12<3.5,"Defined","Managed"))) -> Initial
A13: OVERALL | B13: =ROUND(AVERAGE('CSF Gap Assessment'!D2:D23),1) -> 1.2 | C13: =ROUND(AVERAGE('CSF Gap Assessment'!E2:E23),1) -> 3 | D13: =ROUND(C13-B13,1) -> 1.8 | E13: =IF(B13<1.5,"Initial",IF(B13<2.5,"Developing",IF(B13<3.5,"Defined","Managed"))) -> Initial
A15: Risk Register Summary
A16: Inherent Rating | B16: Count | C16: Residual (after remediation) | D16: Count
A17: Critical | B17: =COUNTIF('Risk Register'!G2:G15,"Critical") -> 4 | C17: Critical | D17: =COUNTIF('Risk Register'!N2:N15,"Critical") -> 0
A18: High | B18: =COUNTIF('Risk Register'!G2:G15,"High") -> 8 | C18: High | D18: =COUNTIF('Risk Register'!N2:N15,"High") -> 0
A19: Medium | B19: =COUNTIF('Risk Register'!G2:G15,"Medium") -> 2 | C19: Medium | D19: =COUNTIF('Risk Register'!N2:N15,"Medium") -> 11
A20: Low | B20: =COUNTIF('Risk Register'!G2:G15,"Low") -> 0 | C20: Low | D20: =COUNTIF('Risk Register'!N2:N15,"Low") -> 3
A21: Total risks | B21: =SUM(B17:B20) -> 14 | D21: =SUM(D17:D20) -> 14
A23: Executive takeaways
A24: • Overall maturity sits at ~Initial. Governance and Incident Response are the weakest functions and the fastest to improve.
A25: • Three issues drive most risk: standing privileged access (no PIM), unmonitored alerts (no SIEM), and no tested IR / DR.
A26: • HIPAA-specific exposure: no periodic risk assessment, lapsed workforce training, untracked BAAs, and no breach-notification runbook (60-day clock).
A27: • A 180-day, three-phase roadmap moves the program from Initial toward Defined; Phase 1 is low-cost and closes the highest-severity gaps first.

Sheet CSF Gap Assessment
A1: Function | B1: ID | C1: Category | D1: Current (0-4) | E1: Target (0-4) | F1: Gap | G1: Observation | H1: HIPAA / 800-53 mapping | I1: Priority
A2: GOVERN | B2: GV.OC | C2: Organizational Context | D2: 1 | E2: 3 | F2: =E2-D2 -> 2 | G2: Mission-to-risk linkage undocumented; PHI obligations (HIPAA) not mapped to business objectives. | H2: HIPAA §164.316; 800-53 PM-1 | I2: High
A3: GOVERN | B3: GV.RM | C3: Risk Management Strategy | D3: 1 | E3: 3 | F3: =E3-D3 -> 2 | G3: No defined risk appetite or tolerance; risk decisions made ad hoc without a register. | H3: 800-53 PM-9; RA-1 | I3: High
A4: GOVERN | B4: GV.RR | C4: Roles, Responsibilities & Authorities | D4: 1 | E4: 3 | F4: =E4-D4 -> 2 | G4: Single part-time security lead; no RACI; security accountability not assigned in writing. | H4: HIPAA §164.308(a)(2); 800-53 PM-2 | I4: High
A5: GOVERN | B5: GV.PO | C5: Policy | D5: 1 | E5: 3 | F5: =E5-D5 -> 2 | G5: Security policies are ad hoc, uncirculated, and not reviewed on a cadence. | H5: HIPAA §164.316(a); 800-53 -1 controls | I5: High
A6: GOVERN | B6: GV.OV | C6: Oversight | D6: 0 | E6: 2 | F6: =E6-D6 -> 2 | G6: No leadership/board oversight of the cybersecurity program or its outcomes. | H6: 800-53 PM-1; CA-1 | I6: Medium
A7: GOVERN | B7: GV.SC | C7: Cybersecurity Supply Chain Risk Mgmt | D7: 1 | E7: 3 | F7: =E7-D7 -> 2 | G7: Cloud, MSP, and subprocessors not formally assessed; BAAs not centrally tracked. | H7: HIPAA §164.308(b); 800-53 SR-3 | I7: High
A8: IDENTIFY | B8: ID.AM | C8: Asset Management | D8: 2 | E8: 4 | F8: =E8-D8 -> 2 | G8: Partial asset inventory; ePHI data stores not classified or formally mapped. | H8: HIPAA §164.310(d); 800-53 CM-8 | I8: High
A9: IDENTIFY | B9: ID.RA | C9: Risk Assessment | D9: 1 | E9: 3 | F9: =E9-D9 -> 2 | G9: No periodic security risk assessment — a HIPAA Security Rule requirement. | H9: HIPAA §164.308(a)(1)(ii)(A); 800-53 RA-3 | I9: High
A10: IDENTIFY | B10: ID.IM | C10: Improvement | D10: 1 | E10: 3 | F10: =E10-D10 -> 2 | G10: No lessons-learned loop; findings from incidents/audits are not tracked to closure. | H10: 800-53 CA-5; PM-4 | I10: Medium
A11: PROTECT | B11: PR.AA | C11: Identity Mgmt, Authn & Access Control | D11: 2 | E11: 4 | F11: =E11-D11 -> 2 | G11: Entra ID + MFA for most users, but standing privileged access, shared admin accounts, no PIM, and no access reviews. | H11: HIPAA §164.312(a); 800-53 AC-2/AC-6/IA-2 | I11: Critical
A12: PROTECT | B12: PR.AT | C12: Awareness & Training | D12: 1 | E12: 3 | F12: =E12-D12 -> 2 | G12: No recurring security-awareness or phishing training; HIPAA workforce training lapsed. | H12: HIPAA §164.308(a)(5); 800-53 AT-2 | I12: High
A13: PROTECT | B13: PR.DS | C13: Data Security | D13: 2 | E13: 4 | F13: =E13-D13 -> 2 | G13: Encryption at rest/in transit is on, but PHI is unclassified, there is no DLP, and backups are untested. | H13: HIPAA §164.312(e); 800-53 SC-28/SC-8 | I13: High
... A23: RECOVER | B23: RC.CO | C23: Incident Recovery Communication | D23: 1 | E23: 2 | F23: =E23-D23 -> 1 | G23: No internal/external recovery communication plan. | H23: 800-53 CP-2/IR-6 | I23: Medium

Sheet Risk Register
A1: Risk ID | B1: Risk / Threat Scenario | C1: CSF | D1: L (1-5) | E1: I (1-5) | F1: Inherent Score | G1: Inherent Rating | H1: Treatment | I1: Control / Remediation (and portfolio evidence) | J1: Owner | K1: Res. L | L1: Res. I | M1: Residual Score | N1: Residual Rating
A2: R-01 | B2: Standing privileged access and shared admin accounts enable privilege abuse or insider misuse | C2: PR.AA | D2: 4 | E2: 5 | F2: =D2*E2 -> 20 | G2: =IF(F2>=16,"Critical",IF(F2>=10,"High",IF(F2>=5,"Medium","Low"))) -> Critical | H2: Mitigate | I2: Implement PIM (eligible, time-boxed, MFA+approval) and remove standing Owner. Evidence: AZURE-IAM repo (RBAC+PIM). | J2: Security Lead | K2: 2 | L2: 4 | M2: =K2*L2 -> 8 | N2: =IF(M2>=16,"Critical",IF(M2>=10,"High",IF(M2>=5,"Medium","Low"))) -> Medium
A3: R-02 | B3: No access reviews leave orphaned / excessive access, incl. departed staff and vendors | C3: PR.AA | D3: 4 | E3: 4 | F3: =D3*E3 -> 16 | G3: =IF(F3>=16,"Critical",IF(F3>=10,"High",IF(F3>=5,"Medium","Low"))) -> Critical | H3: Mitigate | I3: Quarterly access reviews + JML offboarding automation. Evidence: access-review & JML lifecycle repos. | J3: IT / HR | K3: 2 | L3: 3 | M3: =K3*L3 -> 6 | N3: =IF(M3>=16,"Critical",IF(M3>=10,"High",IF(M3>=5,"Medium","Low"))) -> Medium
A4: R-03 | B4: Incomplete MFA coverage and legacy auth allow account takeover of ePHI accounts | C4: PR.AA | D4: 4 | E4: 4 | F4: =D4*E4 -> 16 | G4: =IF(F4>=16,"Critical",IF(F4>=10,"High",IF(F4>=5,"Medium","Low"))) -> Critical | H4: Mitigate | I4: Enforce MFA for all, block legacy auth via Conditional Access. | J4: Security Lead | K4: 2 | L4: 4 | M4: =K4*L4 -> 8 | N4: =IF(M4>=16,"Critical",IF(M4>=10,"High",IF(M4>=5,"Medium","Low"))) -> Medium
A5: R-04 | B5: No incident response plan; HIPAA 60-day breach-notification deadline missed | C5: RS.MA/CO | D5: 3 | E5: 5 | F5: =D5*E5 -> 15 | G5: =IF(F5>=16,"Critical",IF(F5>=10,"High",IF(F5>=5,"Medium","Low"))) -> High | H5: Mitigate | I5: Build IR plan + breach-notification runbook with defined severities and timelines. | J5: Security Lead | K5: 2 | L5: 4 | M5: =K5*L5 -> 8 | N5: =IF(M5>=16,"Critical",IF(M5>=10,"High",IF(M5>=5,"Medium","Low"))) -> Medium
A6: R-05 | B6: Security alerts unmonitored (no SIEM) → long attacker dwell time and missed breaches | C6: DE.CM | D6: 4 | E6: 4 | F6: =D6*E6 -> 16 | G6: =IF(F6>=16,"Critical",IF(F6>=10,"High",IF(F6>=5,"Medium","Low"))) -> Critical | H6: Mitigate | I6: Aggregate logs to a SIEM; triage alerts. Evidence: Home-SOC and AI SOC alert-triage repos. | J6: Security Lead | K6: 2 | L6: 3 | M6: =K6*L6 -> 6 | N6: =IF(M6>=16,"Critical",IF(M6>=10,"High",IF(M6>=5,"Medium","Low"))) -> Medium
A7: R-06 | B7: Vendors / subprocessors unassessed and BAAs untracked → third-party PHI exposure | C7: GV.SC | D7: 3 | E7: 5 | F7: =D7*E7 -> 15 | G7: =IF(F7>=16,"Critical",IF(F7>=10,"High",IF(F7>=5,"Medium","Low"))) -> High | H7: Mitigate | I7: Vendor risk program; centralize and track BAAs; tier subprocessors. | J7: Security Lead | K7: 2 | L7: 4 | M7: =K7*L7 -> 8 | N7: =IF(M7>=16,"Critical",IF(M7>=10,"High",IF(M7>=5,"Medium","Low"))) -> Medium
A8: R-07 | B8: PHI unclassified with no DLP → exfiltration or accidental oversharing | C8: PR.DS | D8: 3 | E8: 4 | F8: =D8*E8 -> 12 | G8: =IF(F8>=16,"Critical",IF(F8>=10,"High",IF(F8>=5,"Medium","Low"))) -> High | H8: Mitigate | I8: Classify ePHI; deploy DLP policies in M365/Purview. | J8: IT | K8: 2 | L8: 3 | M8: =K8*L8 -> 6 | N8: =IF(M8>=16,"Critical",IF(M8>=10,"High",IF(M8>=5,"Medium","Low"))) -> Medium
A9: R-08 | B9: OAuth illicit consent grant gives a malicious app standing access to mailboxes/data | C9: PR.AA | D9: 2 | E9: 4 | F9: =D9*E9 -> 8 | G9: =IF(F9>=16,"Critical",IF(F9>=10,"High",IF(F9>=5,"Medium","Low"))) -> Medium | H9: Mitigate | I9: Restrict user consent; admin-consent workflow; detect grants. Evidence: entra-oauth-consent-defense repo. | J9: Security Lead | K9: 1 | L9: 3 | M9: =K9*L9 -> 3 | N9: =IF(M9>=16,"Critical",IF(M9>=10,"High",IF(M9>=5,"Medium","Low"))) -> Low
A10: R-09 | B10: Untested backups and no DR plan → ransomware causes prolonged outage and data loss | C10: RC.RP | D10: 3 | E10: 5 | F10: =D10*E10 -> 15 | G10: =IF(F10>=16,"Critical",IF(F10>=10,"High",IF(F10>=5,"Medium","Low"))) -> High | H10: Mitigate | I10: Immutable backups; documented, tested DR/BCP with RTO/RPO. | J10: IT / MSP | K10: 2 | L10: 4 | M10: =K10*L10 -> 8 | N10: =IF(M10>=16,"Critical",IF(M10>=10,"High",IF(M10>=5,"Medium","Low"))) -> Medium
A11: R-10 | B11: No security-awareness or phishing training → successful social engineering | C11: PR.AT | D11: 4 | E11: 3 | F11: =D11*E11 -> 12 | G11: =IF(F11>=16,"Critical",IF(F11>=10,"High",IF(F11>=5,"Medium","Low"))) -> High | H11: Mitigate | I11: Recurring awareness training + simulated phishing; HIPAA workforce training. | J11: Security Lead | K11: 2 | L11: 3 | M11: =K11*L11 -> 6 | N11: =IF(M11>=16,"Critical",IF(M11>=10,"High",IF(M11>=5,"Medium","Low"))) -> Medium
A12: R-11 | B12: Inconsistent patching and no hardening baseline → exploitation of known CVEs | C12: PR.PS | D12: 3 | E12: 4 | F12: =D12*E12 -> 12 | G12: =IF(F12>=16,"Critical",IF(F12>=10,"High",IF(F12>=5,"Medium","Low"))) -> High | H12: Mitigate | I12: Patch SLAs; CIS hardening baselines; scanning. Evidence: Vuln-Mgmt & pyvulnscan repos. | J12: IT / MSP | K12: 2 | L12: 3 | M12: =K12*L12 -> 6 | N12: =IF(M12>=16,"Critical",IF(M12>=10,"High",IF(M12>=5,"Medium","Low"))) -> Medium
A13: R-12 | B13: No periodic risk assessment (HIPAA §164.308 requires one) → unknown, unmanaged exposure | C13: ID.RA | D13: 4 | E13: 3 | F13: =D13*E13 -> 12 | G13: =IF(F13>=16,"Critical",IF(F13>=10,"High",IF(F13>=5,"Medium","Low"))) -> High | H13: Mitigate | I13: Stand up an annual risk-assessment program feeding this register. | J13: Security Lead | K13: 2 | L13: 2 | M13: =K13*L13 -> 4 | N13: =IF(M13>=16,"Critical",IF(M13>=10,"High",IF(M13>=5,"Medium","Low"))) -> Low
... A15: R-14 | B15: Insufficient log retention / forensics → cannot investigate or scope a breach | C15: RS.AN | D15: 3 | E15: 3 | F15: =D15*E15 -> 9 | G15: =IF(F15>=16,"Critical",IF(F15>=10,"High",IF(F15>=5,"Medium","Low"))) -> Medium | H15: Accept→Mitigate | I15: Define retention; centralize audit logs for forensics. | J15: Security Lead | K15: 2 | L15: 2 | M15: =K15*L15 -> 4 | N15: =IF(M15>=16,"Critical",IF(M15>=10,"High",IF(M15>=5,"Medium","Low"))) -> Low

Sheet Remediation Roadmap
A1: Phase | B1: Action | C1: Addresses (Risk / CSF) | D1: Effort | E1: Cost | F1: Owner
A2: Phase 1 — 0-30 days | B2: Build IR plan + HIPAA breach-notification runbook | C2: R-04 / RS.MA,RS.CO | D2: Low | E2: $ | F2: Security Lead
A3: Phase 1 — 0-30 days | B3: Enforce MFA for all users; block legacy auth (Conditional Access) | C3: R-03 / PR.AA | D3: Low | E3: $ | F3: Security Lead
A4: Phase 1 — 0-30 days | B4: Inventory and centralize all BAAs; list subprocessors | C4: R-06 / GV.SC | D4: Low | E4: $ | F4: Security Lead
A5: Phase 1 — 0-30 days | B5: Turn on and begin monitoring Defender/M365 alerts | C5: R-05 / DE.CM | D5: Low | E5: $ | F5: Security Lead
A6: Phase 2 — 30-90 days | B6: Deploy PIM; quarterly access reviews; remove standing Owner | C6: R-01,R-02 / PR.AA | D6: Medium | E6: $$ | F6: Security Lead
A7: Phase 2 — 30-90 days | B7: Conduct first formal HIPAA risk assessment feeding this register | C7: R-12 / ID.RA | D7: Medium | E7: $ | F7: Security Lead
A8: Phase 2 — 30-90 days | B8: Stand up vendor risk program and tiering | C8: R-06 / GV.SC | D8: Medium | E8: $ | F8: Security Lead
A9: Phase 2 — 30-90 days | B9: Recurring security-awareness + simulated phishing training | C9: R-10 / PR.AT | D9: Low | E9: $ | F9: Security Lead
A10: Phase 2 — 30-90 days | B10: Implement immutable backups and run a DR test | C10: R-09 / RC.RP | D10: Medium | E10: $$ | F10: IT / MSP
A11: Phase 3 — 90-180 days | B11: Deploy SIEM / central log aggregation + triage workflow | C11: R-05,R-14 / DE.CM,RS.AN | D11: High | E11: $$$ | F11: Security Lead
A12: Phase 3 — 90-180 days | B12: Classify ePHI and deploy DLP (M365 Purview) | C12: R-07 / PR.DS | D12: Medium | E12: $$ | F12: IT
... A14: Phase 3 — 90-180 days | B14: Establish policy framework and leadership oversight cadence | C14: GV.PO,GV.OV | D14: Low | E14: $ | F14: Leadership
